ticker,next_earnings_date
AAPL,2026-07-30
ABBV,2026-07-30
ABT,2026-07-16
ACN,2026-06-18
ADBE,2026-06-11
AMAT,2026-08-13
AMD,2026-08-04
AMGN,2026-08-04
AMT,2026-07-28
AMZN,2026-07-30
AVGO,2026-09-03
AXP,2026-07-24
BA,2026-07-28
BAC,2026-07-14
BKNG,2026-07-29
BLK,2026-07-15
BMY,2026-07-30
BNY,
BRK-B,2026-08-01
C,2026-07-14
CAT,2026-08-04
CL,2026-07-31
CMCSA,2026-07-30
COF,2026-07-21
COP,2026-08-06
COST,2026-05-28
CRM,2026-09-02
CSCO,2026-08-12
CVS,2026-07-30
CVX,2026-07-31
DE,2026-08-20
DHR,2026-07-21
DIS,2026-08-05
DUK,2026-08-04
EMR,2026-08-05
FDX,2026-06-23
GD,2026-07-22
GE,2026-07-16
GEV,2026-07-22
GILD,2026-08-06
GM,2026-07-21
GOOG,2026-07-23
GOOGL,2026-07-23
GS,2026-07-14
HD,2026-08-18
HON,2026-07-23
IBM,2026-07-22
INTC,2026-07-23
INTU,2026-08-20
ISRG,2026-07-21
JNJ,2026-07-15
JPM,2026-07-14
KO,2026-07-21
LIN,2026-07-31
LLY,2026-08-05
LMT,2026-07-21
LOW,2026-08-19
LRCX,2026-07-29
MA,2026-07-30
MCD,2026-08-06
MDLZ,2026-07-28
MDT,2026-08-18
META,2026-07-29
MMM,2026-07-21
MO,2026-07-30
MRK,2026-08-04
MS,2026-07-15
MSFT,2026-07-29
MU,2026-06-24
NEE,2026-07-22
NFLX,2026-07-16
NKE,2026-06-30
NOW,2026-07-22
NVDA,2026-08-26
ORCL,2026-06-10
PEP,2026-07-09
PFE,2026-07-29
PG,2026-07-29
PLTR,2026-08-03
PM,2026-07-22
QCOM,2026-07-29
QQQ,
RTX,2026-07-21
SBUX,2026-07-28
SCHW,2026-07-16
SO,2026-07-30
SPG,2026-08-03
T,2026-07-22
TMO,2026-07-22
TMUS,2026-07-22
TSLA,2026-07-22
TXN,2026-07-22
UBER,2026-08-05
UNH,2026-07-28
UNP,2026-07-23
UPS,2026-07-28
USB,2026-07-16
V,2026-07-28
VZ,2026-07-21
WFC,2026-07-14
WMT,2026-08-20
XLE,
XLF,
XLI,
XLK,
XLV,
XLY,
XOM,2026-07-31
SPY,
