ticker,next_earnings_date
AAPL,2026-07-30
MSFT,2026-07-29
NVDA,2026-05-20
AMZN,2026-07-30
META,2026-07-29
GOOGL,2026-07-23
AVGO,2026-06-03
AMD,2026-08-04
NFLX,2026-07-16
TSLA,2026-07-22
CRM,2026-05-27
NOW,2026-07-22
PANW,2026-06-02
JPM,2026-07-14
GS,2026-07-14
V,2026-07-28
MA,2026-07-30
COST,2026-05-28
WMT,2026-08-20
CAT,2026-08-04
GE,2026-07-16
XOM,2026-07-31
LLY,2026-08-05
ABBV,2026-07-30
UBER,2026-08-05
PLTR,2026-08-03
VOO,
QQQ,
XLK,
XLF,
XLV,
XLE,
SPY,
